id;model;engine;serial_no;vin
1;San Marino model Games;compelling Maryland;Liaison Arizona;26891
2;magenta cross-media;architect;Haiti mint green;22870
3;Savings Account Park Papua New Guinea;Auto Loan Account Security Health;Forward Front-line non-volatile;26525
4;Operations;Refined Frozen Tuna;Grocery;3786
5;Sleek;generate Plastic New Mexico;Northern Mariana Islands salmon orchestrate;61595
6;Rustic Frozen Bike Handmade;wireless motivating connecting;Cambridgeshire;42670
7;algorithm;connect leading edge synthesizing;Practical Investor experiences;30772
8;programming;Granite;invoice;50844
9;Ethiopian Birr Ohio;scalable Personal Loan Account synthesize;Sleek Steel Sausages;28633
10;user-centric SCSI Bedfordshire;Sausages optical Customizable;orchid;58864
